,Model,Accuracy
0,SVM,0.8179190751445087
1,KNN,0.8540462427745664
2,Naive Bayes,0.7413294797687862
3,Decision Tree,0.9913294797687862
4,Random Forest,0.9971098265895953
5,GBM,0.869942196531792
6,Logistic Regression,0.7673410404624278
