,Model,Accuracy
0,SVM,0.7427745664739884
1,KNN,0.8728323699421965
2,Naive Bayes,0.7413294797687862
3,Decision Tree,0.9927745664739884
4,Random Forest,0.9971098265895953
5,GBM,0.869942196531792
6,Logistic Regression,0.7673410404624278
